{
    "definitions": {
        "components": [
            "vehicle_container"
        ]
    },
    "vehicles": {
        "vehicles": [
            {
                "id": 30,
                "transform": {
                    "m": [
                        0.29660630226135254,
                        1.2522220237297297e-23,
                        -0.9549998641014099,
                        6.546177312980383e-23,
                        1.0,
                        3.344355928389668e-23,
                        0.9549998641014099,
                        -7.243555596744724e-23,
                        0.29660630226135254
                    ],
                    "t": [
                        83583.26114327877,
                        31.00091654098876,
                        54514.78465310125
                    ]
                },
                "nodes": [],
                "edges": [],
                "plates": [],
                "plate_paint": [],
                "grids": [
                    {
                        "components": [
                            {
                                "def": 0,
                                "id": 2,
                                "colors": [
                                    79,
                                    79,
                                    79,
                                    79,
                                    79,
                                    79,
                                    79,
                                    79,
                                    79,
                                    79
                                ],
                                "pos": [
                                    4,
                                    6,
                                    -4
                                ],
                                "items": []
                            }
                        ]
                    }
                ],
                "electric_links": [],
                "mechanical_links": [],
                "liquid_links": [],
                "gas_links": [],
                "belt_links": [],
                "data_links": [],
                "loot_locations": [],
                "creature_locations": [],
                "motion_type": "static",
                "flags": 7,
                "dead_drop_id": 2
            }
        ]
    },
    "actors": {
        "actors": []
    },
    "floor_items": {
        "items": []
    },
    "creative_domes": {
        "domes": []
    },
    "props": {
        "props": []
    },
    "ropes": {
        "ropes": []
    }
}