{
    "definitions": {
        "components": [
            "vehicle_container"
        ]
    },
    "vehicles": {
        "vehicles": [
            {
                "id": 29,
                "transform": {
                    "m": [
                        -0.9525541067123413,
                        5.809727695213531e-23,
                        0.3043690323829651,
                        4.7781835143764994e-23,
                        1.0,
                        -4.133957416228501e-23,
                        -0.3043690323829651,
                        -2.48348748419572e-23,
                        -0.9525541067123413
                    ],
                    "t": [
                        83969.67082355464,
                        29.400773969292146,
                        56490.691445212906
                    ]
                },
                "nodes": [],
                "edges": [],
                "plates": [],
                "plate_paint": [],
                "grids": [
                    {
                        "components": [
                            {
                                "def": 0,
                                "id": 2,
                                "colors": [
                                    79,
                                    79,
                                    79,
                                    79,
                                    79,
                                    79,
                                    79,
                                    79,
                                    79,
                                    79
                                ],
                                "pos": [
                                    4,
                                    6,
                                    -4
                                ],
                                "items": []
                            }
                        ]
                    }
                ],
                "electric_links": [],
                "mechanical_links": [],
                "liquid_links": [],
                "gas_links": [],
                "belt_links": [],
                "data_links": [],
                "loot_locations": [],
                "creature_locations": [],
                "motion_type": "static",
                "flags": 7,
                "dead_drop_id": 1
            }
        ]
    },
    "actors": {
        "actors": []
    },
    "floor_items": {
        "items": []
    },
    "creative_domes": {
        "domes": []
    },
    "props": {
        "props": []
    },
    "ropes": {
        "ropes": []
    }
}